number,season,episode,airdate,title,tvmaze link
1,1,1,22 Sep 94,"The One Where Monica Gets a Roommate","http://www.tvmaze.com/episodes/40646/friends-1x01-the-one-where-monica-gets-a-roommate"
2,1,2,29 Sep 94,"The One With the Sonogram at the End","http://www.tvmaze.com/episodes/40647/friends-1x02-the-one-with-the-sonogram-at-the-end"
3,1,3,06 Oct 94,"The One With the Thumb","http://www.tvmaze.com/episodes/40648/friends-1x03-the-one-with-the-thumb"
4,1,4,13 Oct 94,"The One With George Stephanopoulos","http://www.tvmaze.com/episodes/40649/friends-1x04-the-one-with-george-stephanopoulos"
5,1,5,20 Oct 94,"The One With the East German Laundry Detergent","http://www.tvmaze.com/episodes/40650/friends-1x05-the-one-with-the-east-german-laundry-detergent"
6,1,6,27 Oct 94,"The One With the Butt","http://www.tvmaze.com/episodes/40651/friends-1x06-the-one-with-the-butt"
7,1,7,03 Nov 94,"The One With the Blackout","http://www.tvmaze.com/episodes/40652/friends-1x07-the-one-with-the-blackout"
8,1,8,10 Nov 94,"The One Where Nana Dies Twice","http://www.tvmaze.com/episodes/40653/friends-1x08-the-one-where-nana-dies-twice"
9,1,9,17 Nov 94,"The One Where Underdog Gets Away","http://www.tvmaze.com/episodes/40654/friends-1x09-the-one-where-underdog-gets-away"
10,1,10,15 Dec 94,"The One With the Monkey","http://www.tvmaze.com/episodes/40655/friends-1x10-the-one-with-the-monkey"
11,1,11,05 Jan 95,"The One With Mrs. Bing","http://www.tvmaze.com/episodes/40656/friends-1x11-the-one-with-mrs-bing"
12,1,12,12 Jan 95,"The One With the Dozen Lasagnas","http://www.tvmaze.com/episodes/40657/friends-1x12-the-one-with-the-dozen-lasagnas"
13,1,13,19 Jan 95,"The One With the Boobies","http://www.tvmaze.com/episodes/40658/friends-1x13-the-one-with-the-boobies"
14,1,14,09 Feb 95,"The One With the Candy Hearts","http://www.tvmaze.com/episodes/40659/friends-1x14-the-one-with-the-candy-hearts"
15,1,15,16 Feb 95,"The One With the Stoned Guy","http://www.tvmaze.com/episodes/40660/friends-1x15-the-one-with-the-stoned-guy"
16,1,16,23 Feb 95,"The One With Two Parts (1)","http://www.tvmaze.com/episodes/40661/friends-1x16-the-one-with-two-parts-1"
17,1,17,23 Feb 95,"The One With Two Parts (2)","http://www.tvmaze.com/episodes/40662/friends-1x17-the-one-with-two-parts-2"
18,1,18,02 Mar 95,"The One With All the Poker","http://www.tvmaze.com/episodes/40663/friends-1x18-the-one-with-all-the-poker"
19,1,19,09 Mar 95,"The One Where the Monkey Gets Away","http://www.tvmaze.com/episodes/40664/friends-1x19-the-one-where-the-monkey-gets-away"
20,1,20,06 Apr 95,"The One With the Evil Orthodontist","http://www.tvmaze.com/episodes/40665/friends-1x20-the-one-with-the-evil-orthodontist"
21,1,21,27 Apr 95,"The One With the Fake Monica","http://www.tvmaze.com/episodes/40666/friends-1x21-the-one-with-the-fake-monica"
22,1,22,04 May 95,"The One With the Ick Factor","http://www.tvmaze.com/episodes/40667/friends-1x22-the-one-with-the-ick-factor"
23,1,23,11 May 95,"The One With the Birth","http://www.tvmaze.com/episodes/40668/friends-1x23-the-one-with-the-birth"
24,1,24,18 May 95,"The One Where Rachel Finds Out","http://www.tvmaze.com/episodes/40669/friends-1x24-the-one-where-rachel-finds-out"
25,2,1,21 Sep 95,"The One With Ross's New Girlfriend","http://www.tvmaze.com/episodes/40670/friends-2x01-the-one-with-rosss-new-girlfriend"
26,2,2,28 Sep 95,"The One With the Breast Milk","http://www.tvmaze.com/episodes/40671/friends-2x02-the-one-with-the-breast-milk"
27,2,3,05 Oct 95,"The One Where Heckles Dies","http://www.tvmaze.com/episodes/40672/friends-2x03-the-one-where-heckles-dies"
28,2,4,12 Oct 95,"The One With Phoebe's Husband","http://www.tvmaze.com/episodes/40673/friends-2x04-the-one-with-phoebes-husband"
29,2,5,19 Oct 95,"The One With Five Steaks and an Eggplant","http://www.tvmaze.com/episodes/40674/friends-2x05-the-one-with-five-steaks-and-an-eggplant"
30,2,6,02 Nov 95,"The One With the Baby on the Bus","http://www.tvmaze.com/episodes/40675/friends-2x06-the-one-with-the-baby-on-the-bus"
31,2,7,09 Nov 95,"The One Where Ross Finds Out","http://www.tvmaze.com/episodes/40676/friends-2x07-the-one-where-ross-finds-out"
32,2,8,16 Nov 95,"The One With the List","http://www.tvmaze.com/episodes/40677/friends-2x08-the-one-with-the-list"
33,2,9,14 Dec 95,"The One With Phoebe's Dad","http://www.tvmaze.com/episodes/40678/friends-2x09-the-one-with-phoebes-dad"
34,2,10,04 Jan 96,"The One With Russ","http://www.tvmaze.com/episodes/40679/friends-2x10-the-one-with-russ"
35,2,11,18 Jan 96,"The One With the Lesbian Wedding","http://www.tvmaze.com/episodes/40680/friends-2x11-the-one-with-the-lesbian-wedding"
36,2,12,28 Jan 96,"The One After the Superbowl (1)","http://www.tvmaze.com/episodes/40681/friends-2x12-the-one-after-the-superbowl-1"
37,2,13,28 Jan 96,"The One After the Superbowl (2)","http://www.tvmaze.com/episodes/40682/friends-2x13-the-one-after-the-superbowl-2"
38,2,14,01 Feb 96,"The One With the Prom Video","http://www.tvmaze.com/episodes/40683/friends-2x14-the-one-with-the-prom-video"
39,2,15,08 Feb 96,"The One Where Ross and Rachel... You Know","http://www.tvmaze.com/episodes/40684/friends-2x15-the-one-where-ross-and-rachel-you-know"
40,2,16,15 Feb 96,"The One Where Joey Moves Out","http://www.tvmaze.com/episodes/40685/friends-2x16-the-one-where-joey-moves-out"
41,2,17,22 Feb 96,"The One Where Eddie Moves In","http://www.tvmaze.com/episodes/40686/friends-2x17-the-one-where-eddie-moves-in"
42,2,18,21 Mar 96,"The One Where Dr. Ramoray Dies","http://www.tvmaze.com/episodes/40687/friends-2x18-the-one-where-dr-ramoray-dies"
43,2,19,28 Mar 96,"The One Where Eddie Won't Go","http://www.tvmaze.com/episodes/40688/friends-2x19-the-one-where-eddie-wont-go"
44,2,20,04 Apr 96,"The One Where Old Yeller Dies","http://www.tvmaze.com/episodes/40689/friends-2x20-the-one-where-old-yeller-dies"
45,2,21,25 Apr 96,"The One With the Bullies","http://www.tvmaze.com/episodes/40690/friends-2x21-the-one-with-the-bullies"
46,2,22,02 May 96,"The One With the Two Parties","http://www.tvmaze.com/episodes/40691/friends-2x22-the-one-with-the-two-parties"
47,2,23,09 May 96,"The One With the Chicken Pox","http://www.tvmaze.com/episodes/40692/friends-2x23-the-one-with-the-chicken-pox"
48,2,24,16 May 96,"The One With Barry and Mindy's Wedding","http://www.tvmaze.com/episodes/40693/friends-2x24-the-one-with-barry-and-mindys-wedding"
49,3,1,16 Sep 96,"The One With the Princess Leia Fantasy","http://www.tvmaze.com/episodes/40694/friends-3x01-the-one-with-the-princess-leia-fantasy"
50,3,2,26 Sep 96,"The One Where No One's Ready","http://www.tvmaze.com/episodes/40695/friends-3x02-the-one-where-no-ones-ready"
51,3,3,03 Oct 96,"The One With the Jam","http://www.tvmaze.com/episodes/40696/friends-3x03-the-one-with-the-jam"
52,3,4,10 Oct 96,"The One With the Metaphorical Tunnel","http://www.tvmaze.com/episodes/40697/friends-3x04-the-one-with-the-metaphorical-tunnel"
53,3,5,17 Oct 96,"The One With Frank Jr.","http://www.tvmaze.com/episodes/40698/friends-3x05-the-one-with-frank-jr"
54,3,6,31 Oct 96,"The One With the Flashback","http://www.tvmaze.com/episodes/40699/friends-3x06-the-one-with-the-flashback"
55,3,7,07 Nov 96,"The One With the Race Car Bed","http://www.tvmaze.com/episodes/40700/friends-3x07-the-one-with-the-race-car-bed"
56,3,8,14 Nov 96,"The One With the Giant Poking Device","http://www.tvmaze.com/episodes/40701/friends-3x08-the-one-with-the-giant-poking-device"
57,3,9,21 Nov 96,"The One With the Football","http://www.tvmaze.com/episodes/40702/friends-3x09-the-one-with-the-football"
58,3,10,12 Dec 96,"The One Where Rachel Quits","http://www.tvmaze.com/episodes/40703/friends-3x10-the-one-where-rachel-quits"
59,3,11,09 Jan 97,"The One Where Chandler Can't Remember Which Sister","http://www.tvmaze.com/episodes/40704/friends-3x11-the-one-where-chandler-cant-remember-which-sister"
60,3,12,16 Jan 97,"The One With All the Jealousy","http://www.tvmaze.com/episodes/40705/friends-3x12-the-one-with-all-the-jealousy"
61,3,13,30 Jan 97,"The One Where Monica and Richard are Just Friends","http://www.tvmaze.com/episodes/40706/friends-3x13-the-one-where-monica-and-richard-are-just-friends"
62,3,14,06 Feb 97,"The One With Phoebe's Ex-Partner","http://www.tvmaze.com/episodes/40707/friends-3x14-the-one-with-phoebes-ex-partner"
63,3,15,13 Feb 97,"The One Where Ross and Rachel Take a Break","http://www.tvmaze.com/episodes/40708/friends-3x15-the-one-where-ross-and-rachel-take-a-break"
64,3,16,20 Feb 97,"The One the Morning After","http://www.tvmaze.com/episodes/40709/friends-3x16-the-one-the-morning-after"
65,3,17,06 Mar 97,"The One Without the Ski Trip","http://www.tvmaze.com/episodes/40710/friends-3x17-the-one-without-the-ski-trip"
66,3,18,13 Mar 97,"The One With the Hypnosis Tape","http://www.tvmaze.com/episodes/40711/friends-3x18-the-one-with-the-hypnosis-tape"
67,3,19,27 Mar 97,"The One With the Tiny T-Shirt","http://www.tvmaze.com/episodes/40712/friends-3x19-the-one-with-the-tiny-t-shirt"
68,3,20,10 Apr 97,"The One With the Dollhouse","http://www.tvmaze.com/episodes/40713/friends-3x20-the-one-with-the-dollhouse"
69,3,21,17 Apr 97,"The One With a Chick and a Duck","http://www.tvmaze.com/episodes/40714/friends-3x21-the-one-with-a-chick-and-a-duck"
70,3,22,24 Apr 97,"The One With the Screamer","http://www.tvmaze.com/episodes/40715/friends-3x22-the-one-with-the-screamer"
71,3,23,01 May 97,"The One With Ross's Thing","http://www.tvmaze.com/episodes/40716/friends-3x23-the-one-with-rosss-thing"
72,3,24,08 May 97,"The One With the Ultimate Fighting Champion","http://www.tvmaze.com/episodes/40717/friends-3x24-the-one-with-the-ultimate-fighting-champion"
73,3,25,15 May 97,"The One at the Beach","http://www.tvmaze.com/episodes/40718/friends-3x25-the-one-at-the-beach"
74,4,1,25 Sep 97,"The One With the Jellyfish","http://www.tvmaze.com/episodes/40719/friends-4x01-the-one-with-the-jellyfish"
75,4,2,02 Oct 97,"The One With the Cat","http://www.tvmaze.com/episodes/40720/friends-4x02-the-one-with-the-cat"
76,4,3,09 Oct 97,"The One With the 'Cuffs","http://www.tvmaze.com/episodes/40721/friends-4x03-the-one-with-the-cuffs"
77,4,4,16 Oct 97,"The One With the Ballroom Dancing","http://www.tvmaze.com/episodes/40722/friends-4x04-the-one-with-the-ballroom-dancing"
78,4,5,30 Oct 97,"The One With Joey's New Girlfriend","http://www.tvmaze.com/episodes/40723/friends-4x05-the-one-with-joeys-new-girlfriend"
79,4,6,06 Nov 97,"The One With the Dirty Girl","http://www.tvmaze.com/episodes/40724/friends-4x06-the-one-with-the-dirty-girl"
80,4,7,13 Nov 97,"The One Where Chandler Crosses the Line","http://www.tvmaze.com/episodes/40725/friends-4x07-the-one-where-chandler-crosses-the-line"
81,4,8,20 Nov 97,"The One With Chandler in a Box","http://www.tvmaze.com/episodes/40726/friends-4x08-the-one-with-chandler-in-a-box"
82,4,9,11 Dec 97,"The One Where They're Going to Party!","http://www.tvmaze.com/episodes/40727/friends-4x09-the-one-where-theyre-going-to-party"
83,4,10,18 Dec 97,"The One With the Girl from Poughkeepsie","http://www.tvmaze.com/episodes/40728/friends-4x10-the-one-with-the-girl-from-poughkeepsie"
84,4,11,08 Jan 98,"The One With Phoebe's Uterus","http://www.tvmaze.com/episodes/40729/friends-4x11-the-one-with-phoebes-uterus"
85,4,12,15 Jan 98,"The One With the Embryos","http://www.tvmaze.com/episodes/40730/friends-4x12-the-one-with-the-embryos"
86,4,13,29 Jan 98,"The One With Rachel's Crush","http://www.tvmaze.com/episodes/40731/friends-4x13-the-one-with-rachels-crush"
87,4,14,05 Feb 98,"The One With Joey's Dirty Day","http://www.tvmaze.com/episodes/40732/friends-4x14-the-one-with-joeys-dirty-day"
88,4,15,26 Feb 98,"The One With All the Rugby","http://www.tvmaze.com/episodes/40733/friends-4x15-the-one-with-all-the-rugby"
89,4,16,19 Mar 98,"The One With the Fake Party","http://www.tvmaze.com/episodes/40734/friends-4x16-the-one-with-the-fake-party"
90,4,17,26 Mar 98,"The One With the Free Porn","http://www.tvmaze.com/episodes/40735/friends-4x17-the-one-with-the-free-porn"
91,4,18,02 Apr 98,"The One With Rachel's New Dress","http://www.tvmaze.com/episodes/40736/friends-4x18-the-one-with-rachels-new-dress"
92,4,19,09 Apr 98,"The One With All the Haste","http://www.tvmaze.com/episodes/40737/friends-4x19-the-one-with-all-the-haste"
93,4,20,16 Apr 98,"The One With All the Wedding Dresses","http://www.tvmaze.com/episodes/40738/friends-4x20-the-one-with-all-the-wedding-dresses"
94,4,21,23 Apr 98,"The One With the Invitation","http://www.tvmaze.com/episodes/40739/friends-4x21-the-one-with-the-invitation"
95,4,22,30 Apr 98,"The One With the Worst Best Man Ever","http://www.tvmaze.com/episodes/40740/friends-4x22-the-one-with-the-worst-best-man-ever"
96,4,23,07 May 98,"The One With Ross's Wedding: Part I","http://www.tvmaze.com/episodes/40741/friends-4x23-the-one-with-rosss-wedding-part-i"
97,4,24,07 May 98,"The One With Ross's Wedding: Part II","http://www.tvmaze.com/episodes/40742/friends-4x24-the-one-with-rosss-wedding-part-ii"
98,5,1,24 Sep 98,"The One After Ross Says Rachel","http://www.tvmaze.com/episodes/40743/friends-5x01-the-one-after-ross-says-rachel"
99,5,2,01 Oct 98,"The One With All the Kissing","http://www.tvmaze.com/episodes/40744/friends-5x02-the-one-with-all-the-kissing"
100,5,3,08 Oct 98,"The One Hundredth","http://www.tvmaze.com/episodes/40745/friends-5x03-the-one-hundredth"
101,5,4,15 Oct 98,"The One Where Phoebe Hates PBS","http://www.tvmaze.com/episodes/40746/friends-5x04-the-one-where-phoebe-hates-pbs"
102,5,5,29 Oct 98,"The One With the Kips","http://www.tvmaze.com/episodes/40747/friends-5x05-the-one-with-the-kips"
103,5,6,05 Nov 98,"The One With the Yeti","http://www.tvmaze.com/episodes/40748/friends-5x06-the-one-with-the-yeti"
104,5,7,12 Nov 98,"The One Where Ross Moves In","http://www.tvmaze.com/episodes/40749/friends-5x07-the-one-where-ross-moves-in"
105,5,8,19 Nov 98,"The One With All the Thanksgivings","http://www.tvmaze.com/episodes/40750/friends-5x08-the-one-with-all-the-thanksgivings"
106,5,9,10 Dec 98,"The One With Ross's Sandwich","http://www.tvmaze.com/episodes/40751/friends-5x09-the-one-with-rosss-sandwich"
107,5,10,17 Dec 98,"The One With the Inappropriate Sister","http://www.tvmaze.com/episodes/40752/friends-5x10-the-one-with-the-inappropriate-sister"
108,5,11,07 Jan 99,"The One With All the Resolutions","http://www.tvmaze.com/episodes/40753/friends-5x11-the-one-with-all-the-resolutions"
109,5,12,21 Jan 99,"The One With Chandler's Work Laugh","http://www.tvmaze.com/episodes/40754/friends-5x12-the-one-with-chandlers-work-laugh"
110,5,13,04 Feb 99,"The One With Joey's Bag","http://www.tvmaze.com/episodes/40755/friends-5x13-the-one-with-joeys-bag"
111,5,14,11 Feb 99,"The One Where Everybody Finds Out","http://www.tvmaze.com/episodes/40756/friends-5x14-the-one-where-everybody-finds-out"
112,5,15,18 Feb 99,"The One With the Girl Who Hits Joey","http://www.tvmaze.com/episodes/40757/friends-5x15-the-one-with-the-girl-who-hits-joey"
113,5,16,23 Feb 99,"The One With the Cop","http://www.tvmaze.com/episodes/40758/friends-5x16-the-one-with-the-cop"
114,5,17,18 Mar 99,"The One With Rachel's Inadvertent Kiss","http://www.tvmaze.com/episodes/40759/friends-5x17-the-one-with-rachels-inadvertent-kiss"
115,5,18,08 Apr 99,"The One Where Rachel Smokes","http://www.tvmaze.com/episodes/40760/friends-5x18-the-one-where-rachel-smokes"
116,5,19,22 Apr 99,"The One Where Ross Can't Flirt","http://www.tvmaze.com/episodes/40761/friends-5x19-the-one-where-ross-cant-flirt"
117,5,20,29 Apr 99,"The One With the Ride Along","http://www.tvmaze.com/episodes/40762/friends-5x20-the-one-with-the-ride-along"
118,5,21,06 May 99,"The One With the Ball","http://www.tvmaze.com/episodes/40763/friends-5x21-the-one-with-the-ball"
119,5,22,13 May 99,"The One With Joey's Big Break","http://www.tvmaze.com/episodes/40764/friends-5x22-the-one-with-joeys-big-break"
120,5,23,20 May 99,"The One in Vegas (1)","http://www.tvmaze.com/episodes/40765/friends-5x23-the-one-in-vegas-1"
121,5,24,20 May 99,"The One in Vegas (2)","http://www.tvmaze.com/episodes/40766/friends-5x24-the-one-in-vegas-2"
122,6,1,23 Sep 99,"The One After Vegas","http://www.tvmaze.com/episodes/40767/friends-6x01-the-one-after-vegas"
123,6,2,30 Sep 99,"The One Where Ross Hugs Rachel","http://www.tvmaze.com/episodes/40768/friends-6x02-the-one-where-ross-hugs-rachel"
124,6,3,07 Oct 99,"The One With Ross's Denial","http://www.tvmaze.com/episodes/40769/friends-6x03-the-one-with-rosss-denial"
125,6,4,14 Oct 99,"The One Where Joey Loses His Insurance","http://www.tvmaze.com/episodes/40770/friends-6x04-the-one-where-joey-loses-his-insurance"
126,6,5,21 Oct 99,"The One With Joey's Porsche","http://www.tvmaze.com/episodes/40771/friends-6x05-the-one-with-joeys-porsche"
127,6,6,04 Nov 99,"The One on the Last Night","http://www.tvmaze.com/episodes/40772/friends-6x06-the-one-on-the-last-night"
128,6,7,11 Nov 99,"The One Where Phoebe Runs","http://www.tvmaze.com/episodes/40773/friends-6x07-the-one-where-phoebe-runs"
129,6,8,18 Nov 99,"The One With Ross's Teeth","http://www.tvmaze.com/episodes/40774/friends-6x08-the-one-with-rosss-teeth"
130,6,9,25 Nov 99,"The One Where Ross Got High","http://www.tvmaze.com/episodes/40775/friends-6x09-the-one-where-ross-got-high"
131,6,10,16 Dec 99,"The One With the Routine","http://www.tvmaze.com/episodes/40776/friends-6x10-the-one-with-the-routine"
132,6,11,06 Jan 00,"The One With the Apothecary Table","http://www.tvmaze.com/episodes/40777/friends-6x11-the-one-with-the-apothecary-table"
133,6,12,13 Jan 00,"The One With the Joke","http://www.tvmaze.com/episodes/40778/friends-6x12-the-one-with-the-joke"
134,6,13,03 Feb 00,"The One With Rachel's Sister","http://www.tvmaze.com/episodes/40779/friends-6x13-the-one-with-rachels-sister"
135,6,14,10 Feb 00,"The One Where Chandler Can't Cry","http://www.tvmaze.com/episodes/40780/friends-6x14-the-one-where-chandler-cant-cry"
136,6,15,17 Feb 00,"The One That Could Have Been: Part 1","http://www.tvmaze.com/episodes/40781/friends-6x15-the-one-that-could-have-been-part-1"
137,6,16,17 Feb 00,"The One That Could Have Been: Part 2","http://www.tvmaze.com/episodes/40782/friends-6x16-the-one-that-could-have-been-part-2"
138,6,17,24 Feb 00,"The One With Unagi","http://www.tvmaze.com/episodes/40783/friends-6x17-the-one-with-unagi"
139,6,18,09 Mar 00,"The One Where Ross Dates a Student","http://www.tvmaze.com/episodes/40784/friends-6x18-the-one-where-ross-dates-a-student"
140,6,19,23 Mar 00,"The One With Joey's Fridge","http://www.tvmaze.com/episodes/40785/friends-6x19-the-one-with-joeys-fridge"
141,6,20,13 Apr 00,"The One With Mac and C.H.E.E.S.E.","http://www.tvmaze.com/episodes/40786/friends-6x20-the-one-with-mac-and-cheese"
142,6,21,27 Apr 00,"The One Where Ross Meets Elizabeth's Dad","http://www.tvmaze.com/episodes/40787/friends-6x21-the-one-where-ross-meets-elizabeths-dad"
143,6,22,04 May 00,"The One Where Paul's the Man","http://www.tvmaze.com/episodes/40788/friends-6x22-the-one-where-pauls-the-man"
144,6,23,11 May 00,"The One With the Ring","http://www.tvmaze.com/episodes/40789/friends-6x23-the-one-with-the-ring"
145,6,24,18 May 00,"The One With the Proposal (1)","http://www.tvmaze.com/episodes/40790/friends-6x24-the-one-with-the-proposal-1"
146,6,25,18 May 00,"The One With the Proposal (2)","http://www.tvmaze.com/episodes/40791/friends-6x25-the-one-with-the-proposal-2"
147,7,1,12 Oct 00,"The One With Monica's Thunder","http://www.tvmaze.com/episodes/40792/friends-7x01-the-one-with-monicas-thunder"
148,7,2,12 Oct 00,"The One With Rachel's Book","http://www.tvmaze.com/episodes/40793/friends-7x02-the-one-with-rachels-book"
149,7,3,19 Oct 00,"The One With Phoebe's Cookies","http://www.tvmaze.com/episodes/40794/friends-7x03-the-one-with-phoebes-cookies"
150,7,4,26 Oct 00,"The One With Rachel's Assistant","http://www.tvmaze.com/episodes/40795/friends-7x04-the-one-with-rachels-assistant"
151,7,5,02 Nov 00,"The One With the Engagement Picture","http://www.tvmaze.com/episodes/40796/friends-7x05-the-one-with-the-engagement-picture"
152,7,6,09 Nov 00,"The One With the Nap Partners","http://www.tvmaze.com/episodes/40797/friends-7x06-the-one-with-the-nap-partners"
153,7,7,16 Nov 00,"The One With Ross's Library Book","http://www.tvmaze.com/episodes/40798/friends-7x07-the-one-with-rosss-library-book"
154,7,8,23 Nov 00,"The One Where Chandler Doesn't Like Dogs","http://www.tvmaze.com/episodes/40799/friends-7x08-the-one-where-chandler-doesnt-like-dogs"
155,7,9,07 Dec 00,"The One With All the Candy","http://www.tvmaze.com/episodes/40800/friends-7x09-the-one-with-all-the-candy"
156,7,10,14 Dec 00,"The One With the Holiday Armadillo","http://www.tvmaze.com/episodes/40801/friends-7x10-the-one-with-the-holiday-armadillo"
157,7,11,04 Jan 01,"The One With All the Cheesecakes","http://www.tvmaze.com/episodes/40802/friends-7x11-the-one-with-all-the-cheesecakes"
158,7,12,11 Jan 01,"The One Where They're Up All Night","http://www.tvmaze.com/episodes/40803/friends-7x12-the-one-where-theyre-up-all-night"
159,7,13,01 Feb 01,"The One Where Rosita Dies","http://www.tvmaze.com/episodes/40804/friends-7x13-the-one-where-rosita-dies"
160,7,14,08 Feb 01,"The One Where They All Turn Thirty","http://www.tvmaze.com/episodes/40805/friends-7x14-the-one-where-they-all-turn-thirty"
161,7,15,15 Feb 01,"The One With Joey's New Brain","http://www.tvmaze.com/episodes/40806/friends-7x15-the-one-with-joeys-new-brain"
162,7,16,22 Feb 01,"The One With the Truth About London","http://www.tvmaze.com/episodes/40807/friends-7x16-the-one-with-the-truth-about-london"
163,7,17,15 Mar 01,"The One With the Cheap Wedding Dress","http://www.tvmaze.com/episodes/40808/friends-7x17-the-one-with-the-cheap-wedding-dress"
164,7,18,29 Mar 01,"The One With Joey's Award","http://www.tvmaze.com/episodes/40809/friends-7x18-the-one-with-joeys-award"
165,7,19,19 Apr 01,"The One With Ross and Monica's Cousin","http://www.tvmaze.com/episodes/40810/friends-7x19-the-one-with-ross-and-monicas-cousin"
166,7,20,26 Apr 01,"The One With Rachel's Big Kiss","http://www.tvmaze.com/episodes/40811/friends-7x20-the-one-with-rachels-big-kiss"
167,7,21,03 May 01,"The One With the Vows","http://www.tvmaze.com/episodes/40812/friends-7x21-the-one-with-the-vows"
168,7,22,10 May 01,"The One With Chandler's Dad","http://www.tvmaze.com/episodes/40813/friends-7x22-the-one-with-chandlers-dad"
169,7,23,17 May 01,"The One with Monica and Chandler's Wedding (Part 1)","http://www.tvmaze.com/episodes/40814/friends-7x23-the-one-with-monica-and-chandlers-wedding-part-1"
170,7,24,17 May 01,"The One with Monica and Chandler's Wedding (Part 2)","http://www.tvmaze.com/episodes/40815/friends-7x24-the-one-with-monica-and-chandlers-wedding-part-2"
171,8,1,27 Sep 01,"The One After &quot;I Do&quot;","http://www.tvmaze.com/episodes/40816/friends-8x01-the-one-after-i-do"
172,8,2,04 Oct 01,"The One With the Red Sweater","http://www.tvmaze.com/episodes/40817/friends-8x02-the-one-with-the-red-sweater"
173,8,3,11 Oct 01,"The One Where Rachel Tells Ross","http://www.tvmaze.com/episodes/40818/friends-8x03-the-one-where-rachel-tells-ross"
174,8,4,18 Oct 01,"The One With the Videotape","http://www.tvmaze.com/episodes/40819/friends-8x04-the-one-with-the-videotape"
175,8,5,25 Oct 01,"The One With Rachel's Date","http://www.tvmaze.com/episodes/40820/friends-8x05-the-one-with-rachels-date"
176,8,6,01 Nov 01,"The One With the Halloween Party","http://www.tvmaze.com/episodes/40821/friends-8x06-the-one-with-the-halloween-party"
177,8,7,08 Nov 01,"The One With the Stain","http://www.tvmaze.com/episodes/40822/friends-8x07-the-one-with-the-stain"
178,8,8,15 Nov 01,"The One With the Stripper","http://www.tvmaze.com/episodes/40823/friends-8x08-the-one-with-the-stripper"
179,8,9,22 Nov 01,"The One With the Rumor","http://www.tvmaze.com/episodes/40824/friends-8x09-the-one-with-the-rumor"
180,8,10,06 Dec 01,"The One With Monica's Boots","http://www.tvmaze.com/episodes/40825/friends-8x10-the-one-with-monicas-boots"
181,8,11,13 Dec 01,"The One With the Creepy Holiday Card","http://www.tvmaze.com/episodes/40826/friends-8x11-the-one-with-the-creepy-holiday-card"
182,8,12,10 Jan 02,"The One Where Joey Dates Rachel","http://www.tvmaze.com/episodes/40827/friends-8x12-the-one-where-joey-dates-rachel"
183,8,13,17 Jan 02,"The One Where Chandler Takes a Bath","http://www.tvmaze.com/episodes/40828/friends-8x13-the-one-where-chandler-takes-a-bath"
184,8,14,31 Jan 02,"The One With the Secret Closet","http://www.tvmaze.com/episodes/40829/friends-8x14-the-one-with-the-secret-closet"
185,8,15,07 Feb 02,"The One With the Birthing Video","http://www.tvmaze.com/episodes/40830/friends-8x15-the-one-with-the-birthing-video"
186,8,16,28 Feb 02,"The One Where Joey Tells Rachel","http://www.tvmaze.com/episodes/40831/friends-8x16-the-one-where-joey-tells-rachel"
187,8,17,07 Mar 02,"The One With the Tea Leaves","http://www.tvmaze.com/episodes/40832/friends-8x17-the-one-with-the-tea-leaves"
188,8,18,28 Mar 02,"The One in Massapequa","http://www.tvmaze.com/episodes/40833/friends-8x18-the-one-in-massapequa"
189,8,19,04 Apr 02,"The One With Joey's Interview","http://www.tvmaze.com/episodes/40834/friends-8x19-the-one-with-joeys-interview"
190,8,20,25 Apr 02,"The One With the Baby Shower","http://www.tvmaze.com/episodes/40835/friends-8x20-the-one-with-the-baby-shower"
191,8,21,02 May 02,"The One With the Cooking Class","http://www.tvmaze.com/episodes/40836/friends-8x21-the-one-with-the-cooking-class"
192,8,22,09 May 02,"The One Where Rachel is Late","http://www.tvmaze.com/episodes/40837/friends-8x22-the-one-where-rachel-is-late"
193,8,23,16 May 02,"The One Where Rachel Has a Baby (1)","http://www.tvmaze.com/episodes/40838/friends-8x23-the-one-where-rachel-has-a-baby-1"
194,8,24,16 May 02,"The One Where Rachel Has a Baby (2)","http://www.tvmaze.com/episodes/40839/friends-8x24-the-one-where-rachel-has-a-baby-2"
195,9,1,26 Sep 02,"The One Where No One Proposes","http://www.tvmaze.com/episodes/40840/friends-9x01-the-one-where-no-one-proposes"
196,9,2,03 Oct 02,"The One Where Emma Cries","http://www.tvmaze.com/episodes/40841/friends-9x02-the-one-where-emma-cries"
197,9,3,10 Oct 02,"The One With the Pediatrician","http://www.tvmaze.com/episodes/40842/friends-9x03-the-one-with-the-pediatrician"
198,9,4,17 Oct 02,"The One With the Sharks","http://www.tvmaze.com/episodes/40843/friends-9x04-the-one-with-the-sharks"
199,9,5,31 Oct 02,"The One With Phoebe's Birthday Dinner","http://www.tvmaze.com/episodes/40844/friends-9x05-the-one-with-phoebes-birthday-dinner"
200,9,6,07 Nov 02,"The One With the Male Nanny","http://www.tvmaze.com/episodes/40845/friends-9x06-the-one-with-the-male-nanny"
201,9,7,14 Nov 02,"The One With Ross's Inappropriate Song","http://www.tvmaze.com/episodes/40846/friends-9x07-the-one-with-rosss-inappropriate-song"
202,9,8,21 Nov 02,"The One With Rachel's Other Sister","http://www.tvmaze.com/episodes/40847/friends-9x08-the-one-with-rachels-other-sister"
203,9,9,05 Dec 02,"The One With Rachel's Phone Number","http://www.tvmaze.com/episodes/40848/friends-9x09-the-one-with-rachels-phone-number"
204,9,10,12 Dec 02,"The One With Christmas in Tulsa","http://www.tvmaze.com/episodes/40849/friends-9x10-the-one-with-christmas-in-tulsa"
205,9,11,09 Jan 03,"The One Where Rachel Goes Back to Work","http://www.tvmaze.com/episodes/40850/friends-9x11-the-one-where-rachel-goes-back-to-work"
206,9,12,16 Jan 03,"The One With Phoebe's Rats","http://www.tvmaze.com/episodes/40851/friends-9x12-the-one-with-phoebes-rats"
207,9,13,30 Jan 03,"The One Where Monica Sings","http://www.tvmaze.com/episodes/40852/friends-9x13-the-one-where-monica-sings"
208,9,14,06 Feb 03,"The One With the Blind Dates","http://www.tvmaze.com/episodes/40853/friends-9x14-the-one-with-the-blind-dates"
209,9,15,13 Feb 03,"The One With the Mugging","http://www.tvmaze.com/episodes/40854/friends-9x15-the-one-with-the-mugging"
210,9,16,20 Feb 03,"The One With the Boob Job","http://www.tvmaze.com/episodes/40855/friends-9x16-the-one-with-the-boob-job"
211,9,17,13 Mar 03,"The One With the Memorial Service","http://www.tvmaze.com/episodes/40856/friends-9x17-the-one-with-the-memorial-service"
212,9,18,03 Apr 03,"The One With the Lottery","http://www.tvmaze.com/episodes/40857/friends-9x18-the-one-with-the-lottery"
213,9,19,17 Apr 03,"The One With Rachel's Dream","http://www.tvmaze.com/episodes/40858/friends-9x19-the-one-with-rachels-dream"
214,9,20,24 Apr 03,"The One With the Soap Opera Party","http://www.tvmaze.com/episodes/40859/friends-9x20-the-one-with-the-soap-opera-party"
215,9,21,01 May 03,"The One With the Fertility Test","http://www.tvmaze.com/episodes/40860/friends-9x21-the-one-with-the-fertility-test"
216,9,22,08 May 03,"The One With the Donor","http://www.tvmaze.com/episodes/40861/friends-9x22-the-one-with-the-donor"
217,9,23,15 May 03,"The One in Barbados (1)","http://www.tvmaze.com/episodes/40862/friends-9x23-the-one-in-barbados-1"
218,9,24,15 May 03,"The One in Barbados (2)","http://www.tvmaze.com/episodes/40863/friends-9x24-the-one-in-barbados-2"
219,10,1,25 Sep 03,"The One After Joey and Rachel Kiss","http://www.tvmaze.com/episodes/40864/friends-10x01-the-one-after-joey-and-rachel-kiss"
220,10,2,02 Oct 03,"The One Where Ross is Fine","http://www.tvmaze.com/episodes/40865/friends-10x02-the-one-where-ross-is-fine"
221,10,3,09 Oct 03,"The One With Ross's Tan","http://www.tvmaze.com/episodes/40866/friends-10x03-the-one-with-rosss-tan"
222,10,4,23 Oct 03,"The One With the Cake","http://www.tvmaze.com/episodes/40867/friends-10x04-the-one-with-the-cake"
223,10,5,30 Oct 03,"The One Where Rachel's Sister Babysits","http://www.tvmaze.com/episodes/40868/friends-10x05-the-one-where-rachels-sister-babysits"
224,10,6,06 Nov 03,"The One With Ross's Grant","http://www.tvmaze.com/episodes/40869/friends-10x06-the-one-with-rosss-grant"
225,10,7,13 Nov 03,"The One With the Home Study","http://www.tvmaze.com/episodes/40870/friends-10x07-the-one-with-the-home-study"
226,10,8,20 Nov 03,"The One With the Late Thanksgiving","http://www.tvmaze.com/episodes/40871/friends-10x08-the-one-with-the-late-thanksgiving"
227,10,9,08 Jan 04,"The One With the Birth Mother","http://www.tvmaze.com/episodes/40872/friends-10x09-the-one-with-the-birth-mother"
228,10,10,15 Jan 04,"The One Where Chandler Gets Caught","http://www.tvmaze.com/episodes/40873/friends-10x10-the-one-where-chandler-gets-caught"
229,10,11,05 Feb 04,"The One Where the Stripper Cries","http://www.tvmaze.com/episodes/40874/friends-10x11-the-one-where-the-stripper-cries"
230,10,12,12 Feb 04,"The One With Phoebe's Wedding","http://www.tvmaze.com/episodes/40875/friends-10x12-the-one-with-phoebes-wedding"
231,10,13,19 Feb 04,"The One Where Joey Speaks French","http://www.tvmaze.com/episodes/40876/friends-10x13-the-one-where-joey-speaks-french"
232,10,14,26 Feb 04,"The One With Princess Consuela","http://www.tvmaze.com/episodes/40877/friends-10x14-the-one-with-princess-consuela"
233,10,15,22 Apr 04,"The One Where Estelle Dies","http://www.tvmaze.com/episodes/40878/friends-10x15-the-one-where-estelle-dies"
234,10,16,29 Apr 04,"The One With Rachel's Going Away Party","http://www.tvmaze.com/episodes/40879/friends-10x16-the-one-with-rachels-going-away-party"
235,10,17,06 May 04,"The Last One (1)","http://www.tvmaze.com/episodes/40880/friends-10x17-the-last-one-1"
236,10,18,06 May 04,"The Last One (2)","http://www.tvmaze.com/episodes/40881/friends-10x18-the-last-one-2"
S07,7,0,15 Feb 01,"Friends: The Stuff You've Never Seen","http://www.tvmaze.com/episodes/40882/friends-s07-special-friends-the-stuff-youve-never-seen"
S10,10,0,06 May 04,"The One With All the Other Ones (1)","http://www.tvmaze.com/episodes/40883/friends-s10-special-the-one-with-all-the-other-ones-1"
S10,10,0,06 May 04,"The One With All the Other Ones (2)","http://www.tvmaze.com/episodes/40884/friends-s10-special-the-one-with-all-the-other-ones-2"

		